<annotation>
	<folder>dataset</folder>
	<filename>img-188.jpg</filename>
	<path>/CSE-800/Thesis/2020-01-23/dataset/img-188.jpg</path>
	<source>
		<database>Unknown</database>
	</source>
	<size>
		<width>720</width>
		<height>720</height>
		<depth>3</depth>
	</size>
	<segmented>0</segmented>
	<object>
		<name>pothole</name>
		<pose>Unspecified</pose>
		<truncated>0</truncated>
		<difficult>0</difficult>
		<bndbox>
			<xmin>266</xmin>
			<ymin>227</ymin>
			<xmax>410</xmax>
			<ymax>329</ymax>
		</bndbox>
	</object>
	<object>
		<name>pothole</name>
		<pose>Unspecified</pose>
		<truncated>0</truncated>
		<difficult>0</difficult>
		<bndbox>
			<xmin>299</xmin>
			<ymin>349</ymin>
			<xmax>430</xmax>
			<ymax>438</ymax>
		</bndbox>
	</object>
	<object>
		<name>pothole</name>
		<pose>Unspecified</pose>
		<truncated>0</truncated>
		<difficult>0</difficult>
		<bndbox>
			<xmin>432</xmin>
			<ymin>258</ymin>
			<xmax>588</xmax>
			<ymax>350</ymax>
		</bndbox>
	</object>
</annotation>