<annotation>
	<folder>dataset</folder>
	<filename>img-208.jpg</filename>
	<path>/CSE-800/Thesis/2020-01-23/dataset/img-208.jpg</path>
	<source>
		<database>Unknown</database>
	</source>
	<size>
		<width>720</width>
		<height>720</height>
		<depth>3</depth>
	</size>
	<segmented>0</segmented>
	<object>
		<name>pothole</name>
		<pose>Unspecified</pose>
		<truncated>0</truncated>
		<difficult>0</difficult>
		<bndbox>
			<xmin>287</xmin>
			<ymin>158</ymin>
			<xmax>446</xmax>
			<ymax>294</ymax>
		</bndbox>
	</object>
	<object>
		<name>pothole</name>
		<pose>Unspecified</pose>
		<truncated>0</truncated>
		<difficult>0</difficult>
		<bndbox>
			<xmin>415</xmin>
			<ymin>368</ymin>
			<xmax>533</xmax>
			<ymax>511</ymax>
		</bndbox>
	</object>
	<object>
		<name>pothole</name>
		<pose>Unspecified</pose>
		<truncated>0</truncated>
		<difficult>0</difficult>
		<bndbox>
			<xmin>271</xmin>
			<ymin>437</ymin>
			<xmax>419</xmax>
			<ymax>584</ymax>
		</bndbox>
	</object>
</annotation>