<annotation>
	<folder>dataset</folder>
	<filename>img-229.jpg</filename>
	<path>/CSE-800/Thesis/2020-01-23/dataset/img-229.jpg</path>
	<source>
		<database>Unknown</database>
	</source>
	<size>
		<width>720</width>
		<height>720</height>
		<depth>3</depth>
	</size>
	<segmented>0</segmented>
	<object>
		<name>pothole</name>
		<pose>Unspecified</pose>
		<truncated>0</truncated>
		<difficult>0</difficult>
		<bndbox>
			<xmin>279</xmin>
			<ymin>268</ymin>
			<xmax>399</xmax>
			<ymax>338</ymax>
		</bndbox>
	</object>
	<object>
		<name>pothole</name>
		<pose>Unspecified</pose>
		<truncated>0</truncated>
		<difficult>0</difficult>
		<bndbox>
			<xmin>320</xmin>
			<ymin>316</ymin>
			<xmax>490</xmax>
			<ymax>426</ymax>
		</bndbox>
	</object>
	<object>
		<name>pothole</name>
		<pose>Unspecified</pose>
		<truncated>1</truncated>
		<difficult>0</difficult>
		<bndbox>
			<xmin>0</xmin>
			<ymin>550</ymin>
			<xmax>123</xmax>
			<ymax>673</ymax>
		</bndbox>
	</object>
</annotation>