<annotation>
	<folder>dataset</folder>
	<filename>img-506.jpg</filename>
	<path>/CSE-800/Thesis/2020-01-23/dataset/img-506.jpg</path>
	<source>
		<database>Unknown</database>
	</source>
	<size>
		<width>520</width>
		<height>300</height>
		<depth>3</depth>
	</size>
	<segmented>0</segmented>
	<object>
		<name>pothole</name>
		<pose>Unspecified</pose>
		<truncated>0</truncated>
		<difficult>0</difficult>
		<bndbox>
			<xmin>67</xmin>
			<ymin>150</ymin>
			<xmax>323</xmax>
			<ymax>272</ymax>
		</bndbox>
	</object>
</annotation>