<annotation>
	<folder>dataset</folder>
	<filename>img-248.jpg</filename>
	<path>/CSE-800/Thesis/2020-01-23/dataset/img-248.jpg</path>
	<source>
		<database>Unknown</database>
	</source>
	<size>
		<width>720</width>
		<height>720</height>
		<depth>3</depth>
	</size>
	<segmented>0</segmented>
	<object>
		<name>pothole</name>
		<pose>Unspecified</pose>
		<truncated>0</truncated>
		<difficult>0</difficult>
		<bndbox>
			<xmin>125</xmin>
			<ymin>247</ymin>
			<xmax>475</xmax>
			<ymax>421</ymax>
		</bndbox>
	</object>
	<object>
		<name>pothole</name>
		<pose>Unspecified</pose>
		<truncated>1</truncated>
		<difficult>0</difficult>
		<bndbox>
			<xmin>581</xmin>
			<ymin>50</ymin>
			<xmax>720</xmax>
			<ymax>106</ymax>
		</bndbox>
	</object>
	<object>
		<name>pothole</name>
		<pose>Unspecified</pose>
		<truncated>0</truncated>
		<difficult>0</difficult>
		<bndbox>
			<xmin>212</xmin>
			<ymin>44</ymin>
			<xmax>333</xmax>
			<ymax>83</ymax>
		</bndbox>
	</object>
</annotation>