<annotation>
	<folder>dataset</folder>
	<filename>img-134.jpg</filename>
	<path>/CSE-800/Thesis/2020-01-23/dataset/img-134.jpg</path>
	<source>
		<database>Unknown</database>
	</source>
	<size>
		<width>720</width>
		<height>720</height>
		<depth>3</depth>
	</size>
	<segmented>0</segmented>
	<object>
		<name>pothole</name>
		<pose>Unspecified</pose>
		<truncated>0</truncated>
		<difficult>0</difficult>
		<bndbox>
			<xmin>290</xmin>
			<ymin>274</ymin>
			<xmax>422</xmax>
			<ymax>399</ymax>
		</bndbox>
	</object>
	<object>
		<name>pothole</name>
		<pose>Unspecified</pose>
		<truncated>0</truncated>
		<difficult>0</difficult>
		<bndbox>
			<xmin>125</xmin>
			<ymin>41</ymin>
			<xmax>215</xmax>
			<ymax>121</ymax>
		</bndbox>
	</object>
</annotation>