<annotation>
	<folder>dataset</folder>
	<filename>img-548.jpg</filename>
	<path>/CSE-800/Thesis/2020-01-23/dataset/img-548.jpg</path>
	<source>
		<database>Unknown</database>
	</source>
	<size>
		<width>451</width>
		<height>300</height>
		<depth>3</depth>
	</size>
	<segmented>0</segmented>
	<object>
		<name>pothole</name>
		<pose>Unspecified</pose>
		<truncated>0</truncated>
		<difficult>0</difficult>
		<bndbox>
			<xmin>124</xmin>
			<ymin>119</ymin>
			<xmax>303</xmax>
			<ymax>205</ymax>
		</bndbox>
	</object>
	<object>
		<name>pothole</name>
		<pose>Unspecified</pose>
		<truncated>0</truncated>
		<difficult>0</difficult>
		<bndbox>
			<xmin>325</xmin>
			<ymin>87</ymin>
			<xmax>353</xmax>
			<ymax>102</ymax>
		</bndbox>
	</object>
</annotation>