<annotation>
	<folder>dataset</folder>
	<filename>img-207.jpg</filename>
	<path>/CSE-800/Thesis/2020-01-23/dataset/img-207.jpg</path>
	<source>
		<database>Unknown</database>
	</source>
	<size>
		<width>720</width>
		<height>720</height>
		<depth>3</depth>
	</size>
	<segmented>0</segmented>
	<object>
		<name>pothole</name>
		<pose>Unspecified</pose>
		<truncated>0</truncated>
		<difficult>0</difficult>
		<bndbox>
			<xmin>183</xmin>
			<ymin>269</ymin>
			<xmax>554</xmax>
			<ymax>503</ymax>
		</bndbox>
	</object>
	<object>
		<name>pothole</name>
		<pose>Unspecified</pose>
		<truncated>0</truncated>
		<difficult>0</difficult>
		<bndbox>
			<xmin>324</xmin>
			<ymin>569</ymin>
			<xmax>489</xmax>
			<ymax>719</ymax>
		</bndbox>
	</object>
</annotation>