<annotation>
	<folder>dataset</folder>
	<filename>img-257.jpg</filename>
	<path>/CSE-800/Thesis/2020-01-23/dataset/img-257.jpg</path>
	<source>
		<database>Unknown</database>
	</source>
	<size>
		<width>720</width>
		<height>720</height>
		<depth>3</depth>
	</size>
	<segmented>0</segmented>
	<object>
		<name>pothole</name>
		<pose>Unspecified</pose>
		<truncated>0</truncated>
		<difficult>0</difficult>
		<bndbox>
			<xmin>261</xmin>
			<ymin>310</ymin>
			<xmax>415</xmax>
			<ymax>505</ymax>
		</bndbox>
	</object>
	<object>
		<name>pothole</name>
		<pose>Unspecified</pose>
		<truncated>0</truncated>
		<difficult>0</difficult>
		<bndbox>
			<xmin>425</xmin>
			<ymin>108</ymin>
			<xmax>486</xmax>
			<ymax>143</ymax>
		</bndbox>
	</object>
</annotation>