<annotation>
	<folder>dataset</folder>
	<filename>img-43.jpg</filename>
	<path>/CSE-800/Thesis/2020-01-23/dataset/img-43.jpg</path>
	<source>
		<database>Unknown</database>
	</source>
	<size>
		<width>720</width>
		<height>720</height>
		<depth>3</depth>
	</size>
	<segmented>0</segmented>
	<object>
		<name>pothole</name>
		<pose>Unspecified</pose>
		<truncated>0</truncated>
		<difficult>0</difficult>
		<bndbox>
			<xmin>257</xmin>
			<ymin>115</ymin>
			<xmax>545</xmax>
			<ymax>263</ymax>
		</bndbox>
	</object>
	<object>
		<name>pothole</name>
		<pose>Unspecified</pose>
		<truncated>1</truncated>
		<difficult>0</difficult>
		<bndbox>
			<xmin>156</xmin>
			<ymin>465</ymin>
			<xmax>328</xmax>
			<ymax>720</ymax>
		</bndbox>
	</object>
	<object>
		<name>pothole</name>
		<pose>Unspecified</pose>
		<truncated>1</truncated>
		<difficult>0</difficult>
		<bndbox>
			<xmin>0</xmin>
			<ymin>127</ymin>
			<xmax>58</xmax>
			<ymax>207</ymax>
		</bndbox>
	</object>
</annotation>