<annotation>
	<folder>dataset</folder>
	<filename>img-384.jpg</filename>
	<path>/CSE-800/Thesis/2020-01-23/dataset/img-384.jpg</path>
	<source>
		<database>Unknown</database>
	</source>
	<size>
		<width>402</width>
		<height>300</height>
		<depth>3</depth>
	</size>
	<segmented>0</segmented>
	<object>
		<name>pothole</name>
		<pose>Unspecified</pose>
		<truncated>0</truncated>
		<difficult>0</difficult>
		<bndbox>
			<xmin>146</xmin>
			<ymin>101</ymin>
			<xmax>360</xmax>
			<ymax>259</ymax>
		</bndbox>
	</object>
	<object>
		<name>pothole</name>
		<pose>Unspecified</pose>
		<truncated>0</truncated>
		<difficult>0</difficult>
		<bndbox>
			<xmin>34</xmin>
			<ymin>54</ymin>
			<xmax>151</xmax>
			<ymax>118</ymax>
		</bndbox>
	</object>
</annotation>