<annotation>
	<folder>dataset</folder>
	<filename>img-270.jpg</filename>
	<path>/CSE-800/Thesis/2020-01-23/dataset/img-270.jpg</path>
	<source>
		<database>Unknown</database>
	</source>
	<size>
		<width>720</width>
		<height>720</height>
		<depth>3</depth>
	</size>
	<segmented>0</segmented>
	<object>
		<name>pothole</name>
		<pose>Unspecified</pose>
		<truncated>0</truncated>
		<difficult>0</difficult>
		<bndbox>
			<xmin>273</xmin>
			<ymin>282</ymin>
			<xmax>420</xmax>
			<ymax>375</ymax>
		</bndbox>
	</object>
	<object>
		<name>pothole</name>
		<pose>Unspecified</pose>
		<truncated>1</truncated>
		<difficult>0</difficult>
		<bndbox>
			<xmin>0</xmin>
			<ymin>66</ymin>
			<xmax>135</xmax>
			<ymax>120</ymax>
		</bndbox>
	</object>
</annotation>