<annotation>
	<folder>dataset</folder>
	<filename>img-173.jpg</filename>
	<path>/CSE-800/Thesis/2020-01-23/dataset/img-173.jpg</path>
	<source>
		<database>Unknown</database>
	</source>
	<size>
		<width>720</width>
		<height>720</height>
		<depth>3</depth>
	</size>
	<segmented>0</segmented>
	<object>
		<name>pothole</name>
		<pose>Unspecified</pose>
		<truncated>0</truncated>
		<difficult>0</difficult>
		<bndbox>
			<xmin>226</xmin>
			<ymin>251</ymin>
			<xmax>488</xmax>
			<ymax>359</ymax>
		</bndbox>
	</object>
	<object>
		<name>pothole</name>
		<pose>Unspecified</pose>
		<truncated>0</truncated>
		<difficult>0</difficult>
		<bndbox>
			<xmin>211</xmin>
			<ymin>363</ymin>
			<xmax>509</xmax>
			<ymax>456</ymax>
		</bndbox>
	</object>
</annotation>