<annotation>
	<folder>dataset</folder>
	<filename>img-147.jpg</filename>
	<path>/CSE-800/Thesis/2020-01-23/dataset/img-147.jpg</path>
	<source>
		<database>Unknown</database>
	</source>
	<size>
		<width>720</width>
		<height>720</height>
		<depth>3</depth>
	</size>
	<segmented>0</segmented>
	<object>
		<name>pothole</name>
		<pose>Unspecified</pose>
		<truncated>0</truncated>
		<difficult>0</difficult>
		<bndbox>
			<xmin>312</xmin>
			<ymin>299</ymin>
			<xmax>410</xmax>
			<ymax>418</ymax>
		</bndbox>
	</object>
	<object>
		<name>pothole</name>
		<pose>Unspecified</pose>
		<truncated>0</truncated>
		<difficult>0</difficult>
		<bndbox>
			<xmin>413</xmin>
			<ymin>220</ymin>
			<xmax>479</xmax>
			<ymax>278</ymax>
		</bndbox>
	</object>
</annotation>