<annotation>
	<folder>dataset</folder>
	<filename>img-168.jpg</filename>
	<path>/CSE-800/Thesis/2020-01-23/dataset/img-168.jpg</path>
	<source>
		<database>Unknown</database>
	</source>
	<size>
		<width>720</width>
		<height>720</height>
		<depth>3</depth>
	</size>
	<segmented>0</segmented>
	<object>
		<name>pothole</name>
		<pose>Unspecified</pose>
		<truncated>0</truncated>
		<difficult>0</difficult>
		<bndbox>
			<xmin>242</xmin>
			<ymin>262</ymin>
			<xmax>475</xmax>
			<ymax>358</ymax>
		</bndbox>
	</object>
	<object>
		<name>pothole</name>
		<pose>Unspecified</pose>
		<truncated>0</truncated>
		<difficult>0</difficult>
		<bndbox>
			<xmin>79</xmin>
			<ymin>95</ymin>
			<xmax>146</xmax>
			<ymax>139</ymax>
		</bndbox>
	</object>
</annotation>