<annotation>
	<folder>dataset</folder>
	<filename>img-449.jpg</filename>
	<path>/CSE-800/Thesis/2020-01-23/dataset/img-449.jpg</path>
	<source>
		<database>Unknown</database>
	</source>
	<size>
		<width>557</width>
		<height>300</height>
		<depth>3</depth>
	</size>
	<segmented>0</segmented>
	<object>
		<name>pothole</name>
		<pose>Unspecified</pose>
		<truncated>0</truncated>
		<difficult>0</difficult>
		<bndbox>
			<xmin>166</xmin>
			<ymin>28</ymin>
			<xmax>339</xmax>
			<ymax>123</ymax>
		</bndbox>
	</object>
	<object>
		<name>pothole</name>
		<pose>Unspecified</pose>
		<truncated>1</truncated>
		<difficult>0</difficult>
		<bndbox>
			<xmin>457</xmin>
			<ymin>44</ymin>
			<xmax>557</xmax>
			<ymax>101</ymax>
		</bndbox>
	</object>
	<object>
		<name>pothole</name>
		<pose>Unspecified</pose>
		<truncated>0</truncated>
		<difficult>0</difficult>
		<bndbox>
			<xmin>429</xmin>
			<ymin>86</ymin>
			<xmax>477</xmax>
			<ymax>112</ymax>
		</bndbox>
	</object>
	<object>
		<name>pothole</name>
		<pose>Unspecified</pose>
		<truncated>1</truncated>
		<difficult>0</difficult>
		<bndbox>
			<xmin>81</xmin>
			<ymin>135</ymin>
			<xmax>527</xmax>
			<ymax>300</ymax>
		</bndbox>
	</object>
</annotation>