<annotation>
	<folder>dataset</folder>
	<filename>img-298.jpg</filename>
	<path>/CSE-800/Thesis/2020-01-23/dataset/img-298.jpg</path>
	<source>
		<database>Unknown</database>
	</source>
	<size>
		<width>449</width>
		<height>300</height>
		<depth>3</depth>
	</size>
	<segmented>0</segmented>
	<object>
		<name>pothole</name>
		<pose>Unspecified</pose>
		<truncated>0</truncated>
		<difficult>0</difficult>
		<bndbox>
			<xmin>104</xmin>
			<ymin>83</ymin>
			<xmax>221</xmax>
			<ymax>127</ymax>
		</bndbox>
	</object>
	<object>
		<name>pothole</name>
		<pose>Unspecified</pose>
		<truncated>0</truncated>
		<difficult>0</difficult>
		<bndbox>
			<xmin>265</xmin>
			<ymin>125</ymin>
			<xmax>332</xmax>
			<ymax>155</ymax>
		</bndbox>
	</object>
</annotation>