<annotation>
	<folder>dataset</folder>
	<filename>img-409.jpg</filename>
	<path>/CSE-800/Thesis/2020-01-23/dataset/img-409.jpg</path>
	<source>
		<database>Unknown</database>
	</source>
	<size>
		<width>455</width>
		<height>300</height>
		<depth>3</depth>
	</size>
	<segmented>0</segmented>
	<object>
		<name>pothole</name>
		<pose>Unspecified</pose>
		<truncated>0</truncated>
		<difficult>0</difficult>
		<bndbox>
			<xmin>12</xmin>
			<ymin>186</ymin>
			<xmax>107</xmax>
			<ymax>239</ymax>
		</bndbox>
	</object>
	<object>
		<name>pothole</name>
		<pose>Unspecified</pose>
		<truncated>0</truncated>
		<difficult>0</difficult>
		<bndbox>
			<xmin>170</xmin>
			<ymin>64</ymin>
			<xmax>413</xmax>
			<ymax>145</ymax>
		</bndbox>
	</object>
	<object>
		<name>pothole</name>
		<pose>Unspecified</pose>
		<truncated>0</truncated>
		<difficult>0</difficult>
		<bndbox>
			<xmin>274</xmin>
			<ymin>189</ymin>
			<xmax>342</xmax>
			<ymax>258</ymax>
		</bndbox>
	</object>
</annotation>