<annotation>
	<folder>dataset</folder>
	<filename>img-269.jpg</filename>
	<path>/CSE-800/Thesis/2020-01-23/dataset/img-269.jpg</path>
	<source>
		<database>Unknown</database>
	</source>
	<size>
		<width>720</width>
		<height>720</height>
		<depth>3</depth>
	</size>
	<segmented>0</segmented>
	<object>
		<name>pothole</name>
		<pose>Unspecified</pose>
		<truncated>0</truncated>
		<difficult>0</difficult>
		<bndbox>
			<xmin>278</xmin>
			<ymin>323</ymin>
			<xmax>386</xmax>
			<ymax>435</ymax>
		</bndbox>
	</object>
	<object>
		<name>pothole</name>
		<pose>Unspecified</pose>
		<truncated>0</truncated>
		<difficult>0</difficult>
		<bndbox>
			<xmin>602</xmin>
			<ymin>497</ymin>
			<xmax>661</xmax>
			<ymax>553</ymax>
		</bndbox>
	</object>
</annotation>