<annotation>
	<folder>dataset</folder>
	<filename>img-266.jpg</filename>
	<path>/CSE-800/Thesis/2020-01-23/dataset/img-266.jpg</path>
	<source>
		<database>Unknown</database>
	</source>
	<size>
		<width>720</width>
		<height>720</height>
		<depth>3</depth>
	</size>
	<segmented>0</segmented>
	<object>
		<name>pothole</name>
		<pose>Unspecified</pose>
		<truncated>0</truncated>
		<difficult>0</difficult>
		<bndbox>
			<xmin>228</xmin>
			<ymin>263</ymin>
			<xmax>465</xmax>
			<ymax>421</ymax>
		</bndbox>
	</object>
	<object>
		<name>pothole</name>
		<pose>Unspecified</pose>
		<truncated>0</truncated>
		<difficult>0</difficult>
		<bndbox>
			<xmin>531</xmin>
			<ymin>487</ymin>
			<xmax>590</xmax>
			<ymax>534</ymax>
		</bndbox>
	</object>
</annotation>