<annotation>
	<folder>dataset</folder>
	<filename>img-175.jpg</filename>
	<path>/CSE-800/Thesis/2020-01-23/dataset/img-175.jpg</path>
	<source>
		<database>Unknown</database>
	</source>
	<size>
		<width>720</width>
		<height>720</height>
		<depth>3</depth>
	</size>
	<segmented>0</segmented>
	<object>
		<name>pothole</name>
		<pose>Unspecified</pose>
		<truncated>0</truncated>
		<difficult>0</difficult>
		<bndbox>
			<xmin>178</xmin>
			<ymin>230</ymin>
			<xmax>405</xmax>
			<ymax>438</ymax>
		</bndbox>
	</object>
	<object>
		<name>pothole</name>
		<pose>Unspecified</pose>
		<truncated>0</truncated>
		<difficult>0</difficult>
		<bndbox>
			<xmin>392</xmin>
			<ymin>277</ymin>
			<xmax>535</xmax>
			<ymax>469</ymax>
		</bndbox>
	</object>
	<object>
		<name>pothole</name>
		<pose>Unspecified</pose>
		<truncated>0</truncated>
		<difficult>0</difficult>
		<bndbox>
			<xmin>416</xmin>
			<ymin>18</ymin>
			<xmax>498</xmax>
			<ymax>95</ymax>
		</bndbox>
	</object>
</annotation>