<annotation>
	<folder>dataset</folder>
	<filename>img-532.jpg</filename>
	<path>/CSE-800/Thesis/2020-01-23/dataset/img-532.jpg</path>
	<source>
		<database>Unknown</database>
	</source>
	<size>
		<width>517</width>
		<height>300</height>
		<depth>3</depth>
	</size>
	<segmented>0</segmented>
	<object>
		<name>pothole</name>
		<pose>Unspecified</pose>
		<truncated>1</truncated>
		<difficult>0</difficult>
		<bndbox>
			<xmin>201</xmin>
			<ymin>196</ymin>
			<xmax>336</xmax>
			<ymax>300</ymax>
		</bndbox>
	</object>
	<object>
		<name>pothole</name>
		<pose>Unspecified</pose>
		<truncated>0</truncated>
		<difficult>0</difficult>
		<bndbox>
			<xmin>228</xmin>
			<ymin>150</ymin>
			<xmax>306</xmax>
			<ymax>176</ymax>
		</bndbox>
	</object>
</annotation>