<annotation>
	<folder>dataset</folder>
	<filename>img-182.jpg</filename>
	<path>/CSE-800/Thesis/2020-01-23/dataset/img-182.jpg</path>
	<source>
		<database>Unknown</database>
	</source>
	<size>
		<width>720</width>
		<height>720</height>
		<depth>3</depth>
	</size>
	<segmented>0</segmented>
	<object>
		<name>pothole</name>
		<pose>Unspecified</pose>
		<truncated>0</truncated>
		<difficult>0</difficult>
		<bndbox>
			<xmin>285</xmin>
			<ymin>287</ymin>
			<xmax>443</xmax>
			<ymax>442</ymax>
		</bndbox>
	</object>
	<object>
		<name>pothole</name>
		<pose>Unspecified</pose>
		<truncated>1</truncated>
		<difficult>0</difficult>
		<bndbox>
			<xmin>0</xmin>
			<ymin>216</ymin>
			<xmax>99</xmax>
			<ymax>311</ymax>
		</bndbox>
	</object>
	<object>
		<name>pothole</name>
		<pose>Unspecified</pose>
		<truncated>1</truncated>
		<difficult>0</difficult>
		<bndbox>
			<xmin>417</xmin>
			<ymin>647</ymin>
			<xmax>551</xmax>
			<ymax>720</ymax>
		</bndbox>
	</object>
</annotation>