<annotation>
	<folder>dataset</folder>
	<filename>img-304.jpg</filename>
	<path>/CSE-800/Thesis/2020-01-23/dataset/img-304.jpg</path>
	<source>
		<database>Unknown</database>
	</source>
	<size>
		<width>503</width>
		<height>300</height>
		<depth>3</depth>
	</size>
	<segmented>0</segmented>
	<object>
		<name>pothole</name>
		<pose>Unspecified</pose>
		<truncated>1</truncated>
		<difficult>0</difficult>
		<bndbox>
			<xmin>264</xmin>
			<ymin>57</ymin>
			<xmax>503</xmax>
			<ymax>198</ymax>
		</bndbox>
	</object>
	<object>
		<name>pothole</name>
		<pose>Unspecified</pose>
		<truncated>1</truncated>
		<difficult>0</difficult>
		<bndbox>
			<xmin>1</xmin>
			<ymin>78</ymin>
			<xmax>249</xmax>
			<ymax>256</ymax>
		</bndbox>
	</object>
</annotation>