<annotation>
	<folder>dataset</folder>
	<filename>img-339.jpg</filename>
	<path>/CSE-800/Thesis/2020-01-23/dataset/img-339.jpg</path>
	<source>
		<database>Unknown</database>
	</source>
	<size>
		<width>553</width>
		<height>300</height>
		<depth>3</depth>
	</size>
	<segmented>0</segmented>
	<object>
		<name>pothole</name>
		<pose>Unspecified</pose>
		<truncated>0</truncated>
		<difficult>0</difficult>
		<bndbox>
			<xmin>249</xmin>
			<ymin>101</ymin>
			<xmax>273</xmax>
			<ymax>115</ymax>
		</bndbox>
	</object>
</annotation>