<annotation>
	<folder>dataset</folder>
	<filename>img-186.jpg</filename>
	<path>/CSE-800/Thesis/2020-01-23/dataset/img-186.jpg</path>
	<source>
		<database>Unknown</database>
	</source>
	<size>
		<width>720</width>
		<height>720</height>
		<depth>3</depth>
	</size>
	<segmented>0</segmented>
	<object>
		<name>pothole</name>
		<pose>Unspecified</pose>
		<truncated>0</truncated>
		<difficult>0</difficult>
		<bndbox>
			<xmin>122</xmin>
			<ymin>316</ymin>
			<xmax>412</xmax>
			<ymax>453</ymax>
		</bndbox>
	</object>
	<object>
		<name>pothole</name>
		<pose>Unspecified</pose>
		<truncated>0</truncated>
		<difficult>0</difficult>
		<bndbox>
			<xmin>441</xmin>
			<ymin>263</ymin>
			<xmax>684</xmax>
			<ymax>385</ymax>
		</bndbox>
	</object>
</annotation>