<annotation>
	<folder>dataset</folder>
	<filename>img-442.jpg</filename>
	<path>/CSE-800/Thesis/2020-01-23/dataset/img-442.jpg</path>
	<source>
		<database>Unknown</database>
	</source>
	<size>
		<width>450</width>
		<height>300</height>
		<depth>3</depth>
	</size>
	<segmented>0</segmented>
	<object>
		<name>pothole</name>
		<pose>Unspecified</pose>
		<truncated>0</truncated>
		<difficult>0</difficult>
		<bndbox>
			<xmin>163</xmin>
			<ymin>129</ymin>
			<xmax>272</xmax>
			<ymax>197</ymax>
		</bndbox>
	</object>
</annotation>