<annotation>
	<folder>dataset</folder>
	<filename>img-273.jpg</filename>
	<path>/CSE-800/Thesis/2020-01-23/dataset/img-273.jpg</path>
	<source>
		<database>Unknown</database>
	</source>
	<size>
		<width>720</width>
		<height>720</height>
		<depth>3</depth>
	</size>
	<segmented>0</segmented>
	<object>
		<name>pothole</name>
		<pose>Unspecified</pose>
		<truncated>0</truncated>
		<difficult>0</difficult>
		<bndbox>
			<xmin>294</xmin>
			<ymin>326</ymin>
			<xmax>446</xmax>
			<ymax>390</ymax>
		</bndbox>
	</object>
	<object>
		<name>pothole</name>
		<pose>Unspecified</pose>
		<truncated>1</truncated>
		<difficult>0</difficult>
		<bndbox>
			<xmin>161</xmin>
			<ymin>578</ymin>
			<xmax>720</xmax>
			<ymax>720</ymax>
		</bndbox>
	</object>
</annotation>