<annotation>
	<folder>dataset</folder>
	<filename>img-397.jpg</filename>
	<path>/CSE-800/Thesis/2020-01-23/dataset/img-397.jpg</path>
	<source>
		<database>Unknown</database>
	</source>
	<size>
		<width>533</width>
		<height>300</height>
		<depth>3</depth>
	</size>
	<segmented>0</segmented>
	<object>
		<name>pothole</name>
		<pose>Unspecified</pose>
		<truncated>0</truncated>
		<difficult>0</difficult>
		<bndbox>
			<xmin>337</xmin>
			<ymin>248</ymin>
			<xmax>398</xmax>
			<ymax>273</ymax>
		</bndbox>
	</object>
	<object>
		<name>pothole</name>
		<pose>Unspecified</pose>
		<truncated>0</truncated>
		<difficult>0</difficult>
		<bndbox>
			<xmin>178</xmin>
			<ymin>147</ymin>
			<xmax>281</xmax>
			<ymax>169</ymax>
		</bndbox>
	</object>
	<object>
		<name>pothole</name>
		<pose>Unspecified</pose>
		<truncated>0</truncated>
		<difficult>0</difficult>
		<bndbox>
			<xmin>147</xmin>
			<ymin>118</ymin>
			<xmax>225</xmax>
			<ymax>147</ymax>
		</bndbox>
	</object>
</annotation>