<annotation>
	<folder>dataset</folder>
	<filename>img-41.jpg</filename>
	<path>/CSE-800/Thesis/2020-01-23/dataset/img-41.jpg</path>
	<source>
		<database>Unknown</database>
	</source>
	<size>
		<width>720</width>
		<height>720</height>
		<depth>3</depth>
	</size>
	<segmented>0</segmented>
	<object>
		<name>pothole</name>
		<pose>Unspecified</pose>
		<truncated>0</truncated>
		<difficult>0</difficult>
		<bndbox>
			<xmin>167</xmin>
			<ymin>233</ymin>
			<xmax>562</xmax>
			<ymax>399</ymax>
		</bndbox>
	</object>
	<object>
		<name>pothole</name>
		<pose>Unspecified</pose>
		<truncated>1</truncated>
		<difficult>0</difficult>
		<bndbox>
			<xmin>506</xmin>
			<ymin>118</ymin>
			<xmax>720</xmax>
			<ymax>200</ymax>
		</bndbox>
	</object>
</annotation>