<annotation>
	<folder>dataset</folder>
	<filename>img-19.jpg</filename>
	<path>/CSE-800/Thesis/2020-01-23/dataset/img-19.jpg</path>
	<source>
		<database>Unknown</database>
	</source>
	<size>
		<width>720</width>
		<height>720</height>
		<depth>3</depth>
	</size>
	<segmented>0</segmented>
	<object>
		<name>pothole</name>
		<pose>Unspecified</pose>
		<truncated>0</truncated>
		<difficult>0</difficult>
		<bndbox>
			<xmin>270</xmin>
			<ymin>227</ymin>
			<xmax>417</xmax>
			<ymax>339</ymax>
		</bndbox>
	</object>
	<object>
		<name>pothole</name>
		<pose>Unspecified</pose>
		<truncated>0</truncated>
		<difficult>0</difficult>
		<bndbox>
			<xmin>162</xmin>
			<ymin>395</ymin>
			<xmax>297</xmax>
			<ymax>486</ymax>
		</bndbox>
	</object>
</annotation>