<annotation>
	<folder>dataset</folder>
	<filename>img-205.jpg</filename>
	<path>/CSE-800/Thesis/2020-01-23/dataset/img-205.jpg</path>
	<source>
		<database>Unknown</database>
	</source>
	<size>
		<width>720</width>
		<height>720</height>
		<depth>3</depth>
	</size>
	<segmented>0</segmented>
	<object>
		<name>pothole</name>
		<pose>Unspecified</pose>
		<truncated>0</truncated>
		<difficult>0</difficult>
		<bndbox>
			<xmin>274</xmin>
			<ymin>166</ymin>
			<xmax>715</xmax>
			<ymax>384</ymax>
		</bndbox>
	</object>
	<object>
		<name>pothole</name>
		<pose>Unspecified</pose>
		<truncated>1</truncated>
		<difficult>0</difficult>
		<bndbox>
			<xmin>0</xmin>
			<ymin>412</ymin>
			<xmax>326</xmax>
			<ymax>607</ymax>
		</bndbox>
	</object>
</annotation>