<annotation>
	<folder>dataset</folder>
	<filename>img-110.jpg</filename>
	<path>/CSE-800/Thesis/2020-01-23/dataset/img-110.jpg</path>
	<source>
		<database>Unknown</database>
	</source>
	<size>
		<width>720</width>
		<height>720</height>
		<depth>3</depth>
	</size>
	<segmented>0</segmented>
	<object>
		<name>pothole</name>
		<pose>Unspecified</pose>
		<truncated>0</truncated>
		<difficult>0</difficult>
		<bndbox>
			<xmin>224</xmin>
			<ymin>290</ymin>
			<xmax>638</xmax>
			<ymax>411</ymax>
		</bndbox>
	</object>
	<object>
		<name>pothole</name>
		<pose>Unspecified</pose>
		<truncated>0</truncated>
		<difficult>0</difficult>
		<bndbox>
			<xmin>82</xmin>
			<ymin>184</ymin>
			<xmax>180</xmax>
			<ymax>211</ymax>
		</bndbox>
	</object>
</annotation>