<annotation>
	<folder>dataset</folder>
	<filename>img-230.jpg</filename>
	<path>/CSE-800/Thesis/2020-01-23/dataset/img-230.jpg</path>
	<source>
		<database>Unknown</database>
	</source>
	<size>
		<width>720</width>
		<height>720</height>
		<depth>3</depth>
	</size>
	<segmented>0</segmented>
	<object>
		<name>pothole</name>
		<pose>Unspecified</pose>
		<truncated>0</truncated>
		<difficult>0</difficult>
		<bndbox>
			<xmin>251</xmin>
			<ymin>320</ymin>
			<xmax>475</xmax>
			<ymax>441</ymax>
		</bndbox>
	</object>
	<object>
		<name>pothole</name>
		<pose>Unspecified</pose>
		<truncated>0</truncated>
		<difficult>0</difficult>
		<bndbox>
			<xmin>422</xmin>
			<ymin>131</ymin>
			<xmax>508</xmax>
			<ymax>164</ymax>
		</bndbox>
	</object>
	<object>
		<name>pothole</name>
		<pose>Unspecified</pose>
		<truncated>0</truncated>
		<difficult>0</difficult>
		<bndbox>
			<xmin>201</xmin>
			<ymin>120</ymin>
			<xmax>272</xmax>
			<ymax>144</ymax>
		</bndbox>
	</object>
</annotation>