<annotation>
	<folder>dataset</folder>
	<filename>img-265.jpg</filename>
	<path>/CSE-800/Thesis/2020-01-23/dataset/img-265.jpg</path>
	<source>
		<database>Unknown</database>
	</source>
	<size>
		<width>720</width>
		<height>720</height>
		<depth>3</depth>
	</size>
	<segmented>0</segmented>
	<object>
		<name>pothole</name>
		<pose>Unspecified</pose>
		<truncated>0</truncated>
		<difficult>0</difficult>
		<bndbox>
			<xmin>38</xmin>
			<ymin>354</ymin>
			<xmax>112</xmax>
			<ymax>417</ymax>
		</bndbox>
	</object>
	<object>
		<name>pothole</name>
		<pose>Unspecified</pose>
		<truncated>0</truncated>
		<difficult>0</difficult>
		<bndbox>
			<xmin>321</xmin>
			<ymin>311</ymin>
			<xmax>563</xmax>
			<ymax>433</ymax>
		</bndbox>
	</object>
	<object>
		<name>pothole</name>
		<pose>Unspecified</pose>
		<truncated>0</truncated>
		<difficult>0</difficult>
		<bndbox>
			<xmin>81</xmin>
			<ymin>198</ymin>
			<xmax>241</xmax>
			<ymax>303</ymax>
		</bndbox>
	</object>
</annotation>