<annotation>
	<folder>dataset</folder>
	<filename>img-495.jpg</filename>
	<path>/CSE-800/Thesis/2020-01-23/dataset/img-495.jpg</path>
	<source>
		<database>Unknown</database>
	</source>
	<size>
		<width>544</width>
		<height>300</height>
		<depth>3</depth>
	</size>
	<segmented>0</segmented>
	<object>
		<name>pothole</name>
		<pose>Unspecified</pose>
		<truncated>1</truncated>
		<difficult>0</difficult>
		<bndbox>
			<xmin>136</xmin>
			<ymin>59</ymin>
			<xmax>544</xmax>
			<ymax>300</ymax>
		</bndbox>
	</object>
</annotation>