<annotation>
	<folder>dataset</folder>
	<filename>img-357.jpg</filename>
	<path>/CSE-800/Thesis/2020-01-23/dataset/img-357.jpg</path>
	<source>
		<database>Unknown</database>
	</source>
	<size>
		<width>453</width>
		<height>300</height>
		<depth>3</depth>
	</size>
	<segmented>0</segmented>
	<object>
		<name>pothole</name>
		<pose>Unspecified</pose>
		<truncated>0</truncated>
		<difficult>0</difficult>
		<bndbox>
			<xmin>100</xmin>
			<ymin>126</ymin>
			<xmax>350</xmax>
			<ymax>213</ymax>
		</bndbox>
	</object>
</annotation>