<annotation>
	<folder>dataset</folder>
	<filename>img-549.jpg</filename>
	<path>/CSE-800/Thesis/2020-01-23/dataset/img-549.jpg</path>
	<source>
		<database>Unknown</database>
	</source>
	<size>
		<width>400</width>
		<height>300</height>
		<depth>3</depth>
	</size>
	<segmented>0</segmented>
	<object>
		<name>pothole</name>
		<pose>Unspecified</pose>
		<truncated>0</truncated>
		<difficult>0</difficult>
		<bndbox>
			<xmin>205</xmin>
			<ymin>149</ymin>
			<xmax>368</xmax>
			<ymax>215</ymax>
		</bndbox>
	</object>
	<object>
		<name>pothole</name>
		<pose>Unspecified</pose>
		<truncated>0</truncated>
		<difficult>0</difficult>
		<bndbox>
			<xmin>310</xmin>
			<ymin>103</ymin>
			<xmax>377</xmax>
			<ymax>136</ymax>
		</bndbox>
	</object>
</annotation>