<annotation>
	<folder>dataset</folder>
	<filename>img-197.jpg</filename>
	<path>/CSE-800/Thesis/2020-01-23/dataset/img-197.jpg</path>
	<source>
		<database>Unknown</database>
	</source>
	<size>
		<width>720</width>
		<height>720</height>
		<depth>3</depth>
	</size>
	<segmented>0</segmented>
	<object>
		<name>pothole</name>
		<pose>Unspecified</pose>
		<truncated>0</truncated>
		<difficult>0</difficult>
		<bndbox>
			<xmin>338</xmin>
			<ymin>346</ymin>
			<xmax>485</xmax>
			<ymax>443</ymax>
		</bndbox>
	</object>
	<object>
		<name>pothole</name>
		<pose>Unspecified</pose>
		<truncated>0</truncated>
		<difficult>0</difficult>
		<bndbox>
			<xmin>459</xmin>
			<ymin>320</ymin>
			<xmax>539</xmax>
			<ymax>375</ymax>
		</bndbox>
	</object>
	<object>
		<name>pothole</name>
		<pose>Unspecified</pose>
		<truncated>0</truncated>
		<difficult>0</difficult>
		<bndbox>
			<xmin>205</xmin>
			<ymin>400</ymin>
			<xmax>364</xmax>
			<ymax>524</ymax>
		</bndbox>
	</object>
</annotation>