<annotation>
	<folder>dataset</folder>
	<filename>img-455.jpg</filename>
	<path>/CSE-800/Thesis/2020-01-23/dataset/img-455.jpg</path>
	<source>
		<database>Unknown</database>
	</source>
	<size>
		<width>455</width>
		<height>300</height>
		<depth>3</depth>
	</size>
	<segmented>0</segmented>
	<object>
		<name>pothole</name>
		<pose>Unspecified</pose>
		<truncated>0</truncated>
		<difficult>0</difficult>
		<bndbox>
			<xmin>266</xmin>
			<ymin>109</ymin>
			<xmax>323</xmax>
			<ymax>138</ymax>
		</bndbox>
	</object>
</annotation>