<annotation>
	<folder>dataset</folder>
	<filename>img-522.jpg</filename>
	<path>/CSE-800/Thesis/2020-01-23/dataset/img-522.jpg</path>
	<source>
		<database>Unknown</database>
	</source>
	<size>
		<width>450</width>
		<height>300</height>
		<depth>3</depth>
	</size>
	<segmented>0</segmented>
	<object>
		<name>pothole</name>
		<pose>Unspecified</pose>
		<truncated>0</truncated>
		<difficult>0</difficult>
		<bndbox>
			<xmin>39</xmin>
			<ymin>179</ymin>
			<xmax>198</xmax>
			<ymax>230</ymax>
		</bndbox>
	</object>
	<object>
		<name>pothole</name>
		<pose>Unspecified</pose>
		<truncated>0</truncated>
		<difficult>0</difficult>
		<bndbox>
			<xmin>231</xmin>
			<ymin>217</ymin>
			<xmax>259</xmax>
			<ymax>228</ymax>
		</bndbox>
	</object>
	<object>
		<name>pothole</name>
		<pose>Unspecified</pose>
		<truncated>0</truncated>
		<difficult>0</difficult>
		<bndbox>
			<xmin>269</xmin>
			<ymin>245</ymin>
			<xmax>402</xmax>
			<ymax>278</ymax>
		</bndbox>
	</object>
</annotation>