<annotation>
	<folder>dataset</folder>
	<filename>img-392.jpg</filename>
	<path>/CSE-800/Thesis/2020-01-23/dataset/img-392.jpg</path>
	<source>
		<database>Unknown</database>
	</source>
	<size>
		<width>449</width>
		<height>300</height>
		<depth>3</depth>
	</size>
	<segmented>0</segmented>
	<object>
		<name>pothole</name>
		<pose>Unspecified</pose>
		<truncated>0</truncated>
		<difficult>0</difficult>
		<bndbox>
			<xmin>215</xmin>
			<ymin>191</ymin>
			<xmax>301</xmax>
			<ymax>210</ymax>
		</bndbox>
	</object>
	<object>
		<name>pothole</name>
		<pose>Unspecified</pose>
		<truncated>1</truncated>
		<difficult>0</difficult>
		<bndbox>
			<xmin>205</xmin>
			<ymin>286</ymin>
			<xmax>395</xmax>
			<ymax>300</ymax>
		</bndbox>
	</object>
</annotation>