<annotation>
	<folder>dataset</folder>
	<filename>img-193.jpg</filename>
	<path>/CSE-800/Thesis/2020-01-23/dataset/img-193.jpg</path>
	<source>
		<database>Unknown</database>
	</source>
	<size>
		<width>720</width>
		<height>720</height>
		<depth>3</depth>
	</size>
	<segmented>0</segmented>
	<object>
		<name>pothole</name>
		<pose>Unspecified</pose>
		<truncated>0</truncated>
		<difficult>0</difficult>
		<bndbox>
			<xmin>272</xmin>
			<ymin>347</ymin>
			<xmax>361</xmax>
			<ymax>400</ymax>
		</bndbox>
	</object>
	<object>
		<name>pothole</name>
		<pose>Unspecified</pose>
		<truncated>0</truncated>
		<difficult>0</difficult>
		<bndbox>
			<xmin>566</xmin>
			<ymin>380</ymin>
			<xmax>638</xmax>
			<ymax>418</ymax>
		</bndbox>
	</object>
</annotation>