<annotation>
	<folder>dataset</folder>
	<filename>img-465.jpg</filename>
	<path>/CSE-800/Thesis/2020-01-23/dataset/img-465.jpg</path>
	<source>
		<database>Unknown</database>
	</source>
	<size>
		<width>510</width>
		<height>300</height>
		<depth>3</depth>
	</size>
	<segmented>0</segmented>
	<object>
		<name>pothole</name>
		<pose>Unspecified</pose>
		<truncated>0</truncated>
		<difficult>0</difficult>
		<bndbox>
			<xmin>168</xmin>
			<ymin>92</ymin>
			<xmax>482</xmax>
			<ymax>201</ymax>
		</bndbox>
	</object>
	<object>
		<name>pothole</name>
		<pose>Unspecified</pose>
		<truncated>0</truncated>
		<difficult>0</difficult>
		<bndbox>
			<xmin>159</xmin>
			<ymin>202</ymin>
			<xmax>313</xmax>
			<ymax>247</ymax>
		</bndbox>
	</object>
	<object>
		<name>pothole</name>
		<pose>Unspecified</pose>
		<truncated>0</truncated>
		<difficult>0</difficult>
		<bndbox>
			<xmin>29</xmin>
			<ymin>260</ymin>
			<xmax>148</xmax>
			<ymax>299</ymax>
		</bndbox>
	</object>
</annotation>