<annotation>
	<folder>dataset</folder>
	<filename>img-540.jpg</filename>
	<path>/CSE-800/Thesis/2020-01-23/dataset/img-540.jpg</path>
	<source>
		<database>Unknown</database>
	</source>
	<size>
		<width>450</width>
		<height>300</height>
		<depth>3</depth>
	</size>
	<segmented>0</segmented>
	<object>
		<name>pothole</name>
		<pose>Unspecified</pose>
		<truncated>0</truncated>
		<difficult>0</difficult>
		<bndbox>
			<xmin>181</xmin>
			<ymin>75</ymin>
			<xmax>227</xmax>
			<ymax>96</ymax>
		</bndbox>
	</object>
	<object>
		<name>pothole</name>
		<pose>Unspecified</pose>
		<truncated>0</truncated>
		<difficult>0</difficult>
		<bndbox>
			<xmin>175</xmin>
			<ymin>147</ymin>
			<xmax>352</xmax>
			<ymax>299</ymax>
		</bndbox>
	</object>
</annotation>