<annotation>
	<folder>dataset</folder>
	<filename>img-393.jpg</filename>
	<path>/CSE-800/Thesis/2020-01-23/dataset/img-393.jpg</path>
	<source>
		<database>Unknown</database>
	</source>
	<size>
		<width>450</width>
		<height>300</height>
		<depth>3</depth>
	</size>
	<segmented>0</segmented>
	<object>
		<name>pothole</name>
		<pose>Unspecified</pose>
		<truncated>0</truncated>
		<difficult>0</difficult>
		<bndbox>
			<xmin>157</xmin>
			<ymin>99</ymin>
			<xmax>296</xmax>
			<ymax>142</ymax>
		</bndbox>
	</object>
	<object>
		<name>pothole</name>
		<pose>Unspecified</pose>
		<truncated>0</truncated>
		<difficult>0</difficult>
		<bndbox>
			<xmin>153</xmin>
			<ymin>198</ymin>
			<xmax>281</xmax>
			<ymax>257</ymax>
		</bndbox>
	</object>
</annotation>