<annotation>
	<folder>dataset</folder>
	<filename>img-427.jpg</filename>
	<path>/CSE-800/Thesis/2020-01-23/dataset/img-427.jpg</path>
	<source>
		<database>Unknown</database>
	</source>
	<size>
		<width>300</width>
		<height>300</height>
		<depth>3</depth>
	</size>
	<segmented>0</segmented>
	<object>
		<name>pothole</name>
		<pose>Unspecified</pose>
		<truncated>0</truncated>
		<difficult>0</difficult>
		<bndbox>
			<xmin>43</xmin>
			<ymin>75</ymin>
			<xmax>241</xmax>
			<ymax>181</ymax>
		</bndbox>
	</object>
</annotation>