<annotation>
	<folder>dataset</folder>
	<filename>img-433.jpg</filename>
	<path>/CSE-800/Thesis/2020-01-23/dataset/img-433.jpg</path>
	<source>
		<database>Unknown</database>
	</source>
	<size>
		<width>400</width>
		<height>300</height>
		<depth>3</depth>
	</size>
	<segmented>0</segmented>
	<object>
		<name>pothole</name>
		<pose>Unspecified</pose>
		<truncated>0</truncated>
		<difficult>0</difficult>
		<bndbox>
			<xmin>138</xmin>
			<ymin>85</ymin>
			<xmax>276</xmax>
			<ymax>199</ymax>
		</bndbox>
	</object>
	<object>
		<name>pothole</name>
		<pose>Unspecified</pose>
		<truncated>0</truncated>
		<difficult>0</difficult>
		<bndbox>
			<xmin>58</xmin>
			<ymin>7</ymin>
			<xmax>171</xmax>
			<ymax>91</ymax>
		</bndbox>
	</object>
</annotation>