<annotation>
	<folder>dataset</folder>
	<filename>img-517.jpg</filename>
	<path>/CSE-800/Thesis/2020-01-23/dataset/img-517.jpg</path>
	<source>
		<database>Unknown</database>
	</source>
	<size>
		<width>533</width>
		<height>300</height>
		<depth>3</depth>
	</size>
	<segmented>0</segmented>
	<object>
		<name>pothole</name>
		<pose>Unspecified</pose>
		<truncated>0</truncated>
		<difficult>0</difficult>
		<bndbox>
			<xmin>299</xmin>
			<ymin>137</ymin>
			<xmax>401</xmax>
			<ymax>173</ymax>
		</bndbox>
	</object>
	<object>
		<name>pothole</name>
		<pose>Unspecified</pose>
		<truncated>0</truncated>
		<difficult>0</difficult>
		<bndbox>
			<xmin>135</xmin>
			<ymin>191</ymin>
			<xmax>487</xmax>
			<ymax>272</ymax>
		</bndbox>
	</object>
</annotation>