<annotation>
	<folder>dataset</folder>
	<filename>img-345.jpg</filename>
	<path>/CSE-800/Thesis/2020-01-23/dataset/img-345.jpg</path>
	<source>
		<database>Unknown</database>
	</source>
	<size>
		<width>514</width>
		<height>300</height>
		<depth>3</depth>
	</size>
	<segmented>0</segmented>
	<object>
		<name>pothole</name>
		<pose>Unspecified</pose>
		<truncated>0</truncated>
		<difficult>0</difficult>
		<bndbox>
			<xmin>98</xmin>
			<ymin>198</ymin>
			<xmax>418</xmax>
			<ymax>237</ymax>
		</bndbox>
	</object>
	<object>
		<name>pothole</name>
		<pose>Unspecified</pose>
		<truncated>1</truncated>
		<difficult>0</difficult>
		<bndbox>
			<xmin>1</xmin>
			<ymin>278</ymin>
			<xmax>98</xmax>
			<ymax>300</ymax>
		</bndbox>
	</object>
</annotation>