<annotation>
	<folder>dataset</folder>
	<filename>img-544.jpg</filename>
	<path>/CSE-800/Thesis/2020-01-23/dataset/img-544.jpg</path>
	<source>
		<database>Unknown</database>
	</source>
	<size>
		<width>400</width>
		<height>300</height>
		<depth>3</depth>
	</size>
	<segmented>0</segmented>
	<object>
		<name>pothole</name>
		<pose>Unspecified</pose>
		<truncated>0</truncated>
		<difficult>0</difficult>
		<bndbox>
			<xmin>105</xmin>
			<ymin>164</ymin>
			<xmax>342</xmax>
			<ymax>257</ymax>
		</bndbox>
	</object>
	<object>
		<name>pothole</name>
		<pose>Unspecified</pose>
		<truncated>0</truncated>
		<difficult>0</difficult>
		<bndbox>
			<xmin>220</xmin>
			<ymin>153</ymin>
			<xmax>297</xmax>
			<ymax>177</ymax>
		</bndbox>
	</object>
</annotation>