<annotation>
	<folder>dataset</folder>
	<filename>img-352.jpg</filename>
	<path>/CSE-800/Thesis/2020-01-23/dataset/img-352.jpg</path>
	<source>
		<database>Unknown</database>
	</source>
	<size>
		<width>400</width>
		<height>300</height>
		<depth>3</depth>
	</size>
	<segmented>0</segmented>
	<object>
		<name>pothole</name>
		<pose>Unspecified</pose>
		<truncated>0</truncated>
		<difficult>0</difficult>
		<bndbox>
			<xmin>81</xmin>
			<ymin>133</ymin>
			<xmax>355</xmax>
			<ymax>299</ymax>
		</bndbox>
	</object>
	<object>
		<name>pothole</name>
		<pose>Unspecified</pose>
		<truncated>0</truncated>
		<difficult>0</difficult>
		<bndbox>
			<xmin>236</xmin>
			<ymin>102</ymin>
			<xmax>280</xmax>
			<ymax>131</ymax>
		</bndbox>
	</object>
</annotation>