<annotation>
	<folder>dataset</folder>
	<filename>img-305.jpg</filename>
	<path>/CSE-800/Thesis/2020-01-23/dataset/img-305.jpg</path>
	<source>
		<database>Unknown</database>
	</source>
	<size>
		<width>574</width>
		<height>300</height>
		<depth>3</depth>
	</size>
	<segmented>0</segmented>
	<object>
		<name>pothole</name>
		<pose>Unspecified</pose>
		<truncated>0</truncated>
		<difficult>0</difficult>
		<bndbox>
			<xmin>236</xmin>
			<ymin>138</ymin>
			<xmax>288</xmax>
			<ymax>173</ymax>
		</bndbox>
	</object>
	<object>
		<name>pothole</name>
		<pose>Unspecified</pose>
		<truncated>0</truncated>
		<difficult>0</difficult>
		<bndbox>
			<xmin>378</xmin>
			<ymin>189</ymin>
			<xmax>484</xmax>
			<ymax>250</ymax>
		</bndbox>
	</object>
</annotation>