<annotation>
	<folder>dataset</folder>
	<filename>img-480.jpg</filename>
	<path>/CSE-800/Thesis/2020-01-23/dataset/img-480.jpg</path>
	<source>
		<database>Unknown</database>
	</source>
	<size>
		<width>450</width>
		<height>300</height>
		<depth>3</depth>
	</size>
	<segmented>0</segmented>
	<object>
		<name>pothole</name>
		<pose>Unspecified</pose>
		<truncated>0</truncated>
		<difficult>0</difficult>
		<bndbox>
			<xmin>149</xmin>
			<ymin>131</ymin>
			<xmax>306</xmax>
			<ymax>231</ymax>
		</bndbox>
	</object>
	<object>
		<name>pothole</name>
		<pose>Unspecified</pose>
		<truncated>1</truncated>
		<difficult>0</difficult>
		<bndbox>
			<xmin>234</xmin>
			<ymin>237</ymin>
			<xmax>316</xmax>
			<ymax>300</ymax>
		</bndbox>
	</object>
	<object>
		<name>pothole</name>
		<pose>Unspecified</pose>
		<truncated>0</truncated>
		<difficult>0</difficult>
		<bndbox>
			<xmin>156</xmin>
			<ymin>113</ymin>
			<xmax>214</xmax>
			<ymax>129</ymax>
		</bndbox>
	</object>
</annotation>