<annotation>
	<folder>dataset</folder>
	<filename>img-20.jpg</filename>
	<path>/CSE-800/Thesis/2020-01-23/dataset/img-20.jpg</path>
	<source>
		<database>Unknown</database>
	</source>
	<size>
		<width>720</width>
		<height>720</height>
		<depth>3</depth>
	</size>
	<segmented>0</segmented>
	<object>
		<name>pothole</name>
		<pose>Unspecified</pose>
		<truncated>0</truncated>
		<difficult>0</difficult>
		<bndbox>
			<xmin>231</xmin>
			<ymin>248</ymin>
			<xmax>345</xmax>
			<ymax>313</ymax>
		</bndbox>
	</object>
	<object>
		<name>pothole</name>
		<pose>Unspecified</pose>
		<truncated>0</truncated>
		<difficult>0</difficult>
		<bndbox>
			<xmin>157</xmin>
			<ymin>183</ymin>
			<xmax>219</xmax>
			<ymax>227</ymax>
		</bndbox>
	</object>
	<object>
		<name>pothole</name>
		<pose>Unspecified</pose>
		<truncated>0</truncated>
		<difficult>0</difficult>
		<bndbox>
			<xmin>275</xmin>
			<ymin>304</ymin>
			<xmax>440</xmax>
			<ymax>425</ymax>
		</bndbox>
	</object>
</annotation>