<annotation>
	<folder>dataset</folder>
	<filename>img-394.jpg</filename>
	<path>/CSE-800/Thesis/2020-01-23/dataset/img-394.jpg</path>
	<source>
		<database>Unknown</database>
	</source>
	<size>
		<width>450</width>
		<height>300</height>
		<depth>3</depth>
	</size>
	<segmented>0</segmented>
	<object>
		<name>pothole</name>
		<pose>Unspecified</pose>
		<truncated>1</truncated>
		<difficult>0</difficult>
		<bndbox>
			<xmin>1</xmin>
			<ymin>150</ymin>
			<xmax>139</xmax>
			<ymax>235</ymax>
		</bndbox>
	</object>
	<object>
		<name>pothole</name>
		<pose>Unspecified</pose>
		<truncated>0</truncated>
		<difficult>0</difficult>
		<bndbox>
			<xmin>131</xmin>
			<ymin>2</ymin>
			<xmax>433</xmax>
			<ymax>138</ymax>
		</bndbox>
	</object>
</annotation>