<annotation>
	<folder>dataset</folder>
	<filename>img-307.jpg</filename>
	<path>/CSE-800/Thesis/2020-01-23/dataset/img-307.jpg</path>
	<source>
		<database>Unknown</database>
	</source>
	<size>
		<width>571</width>
		<height>300</height>
		<depth>3</depth>
	</size>
	<segmented>0</segmented>
	<object>
		<name>pothole</name>
		<pose>Unspecified</pose>
		<truncated>0</truncated>
		<difficult>0</difficult>
		<bndbox>
			<xmin>197</xmin>
			<ymin>8</ymin>
			<xmax>428</xmax>
			<ymax>273</ymax>
		</bndbox>
	</object>
</annotation>