<annotation>
	<folder>dataset</folder>
	<filename>img-377.jpg</filename>
	<path>/CSE-800/Thesis/2020-01-23/dataset/img-377.jpg</path>
	<source>
		<database>Unknown</database>
	</source>
	<size>
		<width>534</width>
		<height>300</height>
		<depth>3</depth>
	</size>
	<segmented>0</segmented>
	<object>
		<name>pothole</name>
		<pose>Unspecified</pose>
		<truncated>0</truncated>
		<difficult>0</difficult>
		<bndbox>
			<xmin>235</xmin>
			<ymin>53</ymin>
			<xmax>284</xmax>
			<ymax>62</ymax>
		</bndbox>
	</object>
	<object>
		<name>pothole</name>
		<pose>Unspecified</pose>
		<truncated>0</truncated>
		<difficult>0</difficult>
		<bndbox>
			<xmin>135</xmin>
			<ymin>133</ymin>
			<xmax>392</xmax>
			<ymax>259</ymax>
		</bndbox>
	</object>
</annotation>