<annotation>
	<folder>dataset</folder>
	<filename>img-429.jpg</filename>
	<path>/CSE-800/Thesis/2020-01-23/dataset/img-429.jpg</path>
	<source>
		<database>Unknown</database>
	</source>
	<size>
		<width>533</width>
		<height>300</height>
		<depth>3</depth>
	</size>
	<segmented>0</segmented>
	<object>
		<name>pothole</name>
		<pose>Unspecified</pose>
		<truncated>0</truncated>
		<difficult>0</difficult>
		<bndbox>
			<xmin>52</xmin>
			<ymin>68</ymin>
			<xmax>486</xmax>
			<ymax>189</ymax>
		</bndbox>
	</object>
	<object>
		<name>pothole</name>
		<pose>Unspecified</pose>
		<truncated>0</truncated>
		<difficult>0</difficult>
		<bndbox>
			<xmin>41</xmin>
			<ymin>220</ymin>
			<xmax>211</xmax>
			<ymax>288</ymax>
		</bndbox>
	</object>
</annotation>