<annotation>
	<folder>dataset</folder>
	<filename>img-5.jpg</filename>
	<path>/CSE-800/Thesis/2020-01-23/dataset/img-5.jpg</path>
	<source>
		<database>Unknown</database>
	</source>
	<size>
		<width>720</width>
		<height>720</height>
		<depth>3</depth>
	</size>
	<segmented>0</segmented>
	<object>
		<name>pothole</name>
		<pose>Unspecified</pose>
		<truncated>0</truncated>
		<difficult>0</difficult>
		<bndbox>
			<xmin>233</xmin>
			<ymin>315</ymin>
			<xmax>528</xmax>
			<ymax>412</ymax>
		</bndbox>
	</object>
	<object>
		<name>pothole</name>
		<pose>Unspecified</pose>
		<truncated>0</truncated>
		<difficult>0</difficult>
		<bndbox>
			<xmin>125</xmin>
			<ymin>453</ymin>
			<xmax>212</xmax>
			<ymax>507</ymax>
		</bndbox>
	</object>
</annotation>