<annotation>
	<folder>dataset</folder>
	<filename>img-52.jpg</filename>
	<path>/CSE-800/Thesis/2020-01-23/dataset/img-52.jpg</path>
	<source>
		<database>Unknown</database>
	</source>
	<size>
		<width>720</width>
		<height>720</height>
		<depth>3</depth>
	</size>
	<segmented>0</segmented>
	<object>
		<name>pothole</name>
		<pose>Unspecified</pose>
		<truncated>0</truncated>
		<difficult>0</difficult>
		<bndbox>
			<xmin>289</xmin>
			<ymin>297</ymin>
			<xmax>499</xmax>
			<ymax>423</ymax>
		</bndbox>
	</object>
	<object>
		<name>pothole</name>
		<pose>Unspecified</pose>
		<truncated>0</truncated>
		<difficult>0</difficult>
		<bndbox>
			<xmin>262</xmin>
			<ymin>420</ymin>
			<xmax>360</xmax>
			<ymax>478</ymax>
		</bndbox>
	</object>
</annotation>