<annotation>
	<folder>dataset</folder>
	<filename>img-121.jpg</filename>
	<path>/CSE-800/Thesis/2020-01-23/dataset/img-121.jpg</path>
	<source>
		<database>Unknown</database>
	</source>
	<size>
		<width>720</width>
		<height>720</height>
		<depth>3</depth>
	</size>
	<segmented>0</segmented>
	<object>
		<name>pothole</name>
		<pose>Unspecified</pose>
		<truncated>0</truncated>
		<difficult>0</difficult>
		<bndbox>
			<xmin>159</xmin>
			<ymin>230</ymin>
			<xmax>331</xmax>
			<ymax>352</ymax>
		</bndbox>
	</object>
	<object>
		<name>pothole</name>
		<pose>Unspecified</pose>
		<truncated>0</truncated>
		<difficult>0</difficult>
		<bndbox>
			<xmin>270</xmin>
			<ymin>368</ymin>
			<xmax>498</xmax>
			<ymax>547</ymax>
		</bndbox>
	</object>
	<object>
		<name>pothole</name>
		<pose>Unspecified</pose>
		<truncated>0</truncated>
		<difficult>0</difficult>
		<bndbox>
			<xmin>523</xmin>
			<ymin>498</ymin>
			<xmax>580</xmax>
			<ymax>558</ymax>
		</bndbox>
	</object>
</annotation>