<annotation>
	<folder>dataset</folder>
	<filename>img-125.jpg</filename>
	<path>/CSE-800/Thesis/2020-01-23/dataset/img-125.jpg</path>
	<source>
		<database>Unknown</database>
	</source>
	<size>
		<width>720</width>
		<height>720</height>
		<depth>3</depth>
	</size>
	<segmented>0</segmented>
	<object>
		<name>pothole</name>
		<pose>Unspecified</pose>
		<truncated>0</truncated>
		<difficult>0</difficult>
		<bndbox>
			<xmin>293</xmin>
			<ymin>302</ymin>
			<xmax>461</xmax>
			<ymax>410</ymax>
		</bndbox>
	</object>
	<object>
		<name>pothole</name>
		<pose>Unspecified</pose>
		<truncated>0</truncated>
		<difficult>0</difficult>
		<bndbox>
			<xmin>180</xmin>
			<ymin>73</ymin>
			<xmax>272</xmax>
			<ymax>107</ymax>
		</bndbox>
	</object>
	<object>
		<name>pothole</name>
		<pose>Unspecified</pose>
		<truncated>0</truncated>
		<difficult>0</difficult>
		<bndbox>
			<xmin>184</xmin>
			<ymin>111</ymin>
			<xmax>279</xmax>
			<ymax>150</ymax>
		</bndbox>
	</object>
</annotation>