<annotation>
	<folder>dataset</folder>
	<filename>img-106.jpg</filename>
	<path>/CSE-800/Thesis/2020-01-23/dataset/img-106.jpg</path>
	<source>
		<database>Unknown</database>
	</source>
	<size>
		<width>720</width>
		<height>720</height>
		<depth>3</depth>
	</size>
	<segmented>0</segmented>
	<object>
		<name>pothole</name>
		<pose>Unspecified</pose>
		<truncated>0</truncated>
		<difficult>0</difficult>
		<bndbox>
			<xmin>144</xmin>
			<ymin>168</ymin>
			<xmax>511</xmax>
			<ymax>475</ymax>
		</bndbox>
	</object>
	<object>
		<name>pothole</name>
		<pose>Unspecified</pose>
		<truncated>0</truncated>
		<difficult>0</difficult>
		<bndbox>
			<xmin>492</xmin>
			<ymin>141</ymin>
			<xmax>605</xmax>
			<ymax>305</ymax>
		</bndbox>
	</object>
</annotation>