<annotation>
	<folder>dataset</folder>
	<filename>img-355.jpg</filename>
	<path>/CSE-800/Thesis/2020-01-23/dataset/img-355.jpg</path>
	<source>
		<database>Unknown</database>
	</source>
	<size>
		<width>300</width>
		<height>400</height>
		<depth>3</depth>
	</size>
	<segmented>0</segmented>
	<object>
		<name>pothole</name>
		<pose>Unspecified</pose>
		<truncated>0</truncated>
		<difficult>0</difficult>
		<bndbox>
			<xmin>135</xmin>
			<ymin>186</ymin>
			<xmax>182</xmax>
			<ymax>221</ymax>
		</bndbox>
	</object>
</annotation>