<annotation>
	<folder>dataset</folder>
	<filename>img-116.jpg</filename>
	<path>/CSE-800/Thesis/2020-01-23/dataset/img-116.jpg</path>
	<source>
		<database>Unknown</database>
	</source>
	<size>
		<width>720</width>
		<height>720</height>
		<depth>3</depth>
	</size>
	<segmented>0</segmented>
	<object>
		<name>pothole</name>
		<pose>Unspecified</pose>
		<truncated>0</truncated>
		<difficult>0</difficult>
		<bndbox>
			<xmin>295</xmin>
			<ymin>265</ymin>
			<xmax>530</xmax>
			<ymax>411</ymax>
		</bndbox>
	</object>
	<object>
		<name>pothole</name>
		<pose>Unspecified</pose>
		<truncated>0</truncated>
		<difficult>0</difficult>
		<bndbox>
			<xmin>90</xmin>
			<ymin>478</ymin>
			<xmax>181</xmax>
			<ymax>573</ymax>
		</bndbox>
	</object>
</annotation>