<annotation>
	<folder>dataset</folder>
	<filename>img-159.jpg</filename>
	<path>/CSE-800/Thesis/2020-01-23/dataset/img-159.jpg</path>
	<source>
		<database>Unknown</database>
	</source>
	<size>
		<width>720</width>
		<height>720</height>
		<depth>3</depth>
	</size>
	<segmented>0</segmented>
	<object>
		<name>pothole</name>
		<pose>Unspecified</pose>
		<truncated>0</truncated>
		<difficult>0</difficult>
		<bndbox>
			<xmin>304</xmin>
			<ymin>304</ymin>
			<xmax>437</xmax>
			<ymax>407</ymax>
		</bndbox>
	</object>
	<object>
		<name>pothole</name>
		<pose>Unspecified</pose>
		<truncated>0</truncated>
		<difficult>0</difficult>
		<bndbox>
			<xmin>423</xmin>
			<ymin>577</ymin>
			<xmax>481</xmax>
			<ymax>620</ymax>
		</bndbox>
	</object>
	<object>
		<name>pothole</name>
		<pose>Unspecified</pose>
		<truncated>0</truncated>
		<difficult>0</difficult>
		<bndbox>
			<xmin>225</xmin>
			<ymin>202</ymin>
			<xmax>346</xmax>
			<ymax>288</ymax>
		</bndbox>
	</object>
</annotation>