<annotation>
	<folder>dataset</folder>
	<filename>img-543.jpg</filename>
	<path>/CSE-800/Thesis/2020-01-23/dataset/img-543.jpg</path>
	<source>
		<database>Unknown</database>
	</source>
	<size>
		<width>360</width>
		<height>300</height>
		<depth>3</depth>
	</size>
	<segmented>0</segmented>
	<object>
		<name>pothole</name>
		<pose>Unspecified</pose>
		<truncated>0</truncated>
		<difficult>0</difficult>
		<bndbox>
			<xmin>125</xmin>
			<ymin>85</ymin>
			<xmax>264</xmax>
			<ymax>133</ymax>
		</bndbox>
	</object>
	<object>
		<name>pothole</name>
		<pose>Unspecified</pose>
		<truncated>0</truncated>
		<difficult>0</difficult>
		<bndbox>
			<xmin>87</xmin>
			<ymin>85</ymin>
			<xmax>160</xmax>
			<ymax>255</ymax>
		</bndbox>
	</object>
</annotation>