<annotation>
	<folder>dataset</folder>
	<filename>img-233.jpg</filename>
	<path>/CSE-800/Thesis/2020-01-23/dataset/img-233.jpg</path>
	<source>
		<database>Unknown</database>
	</source>
	<size>
		<width>720</width>
		<height>720</height>
		<depth>3</depth>
	</size>
	<segmented>0</segmented>
	<object>
		<name>pothole</name>
		<pose>Unspecified</pose>
		<truncated>0</truncated>
		<difficult>0</difficult>
		<bndbox>
			<xmin>270</xmin>
			<ymin>250</ymin>
			<xmax>470</xmax>
			<ymax>402</ymax>
		</bndbox>
	</object>
	<object>
		<name>pothole</name>
		<pose>Unspecified</pose>
		<truncated>0</truncated>
		<difficult>0</difficult>
		<bndbox>
			<xmin>380</xmin>
			<ymin>206</ymin>
			<xmax>444</xmax>
			<ymax>248</ymax>
		</bndbox>
	</object>
</annotation>