<annotation>
	<folder>dataset</folder>
	<filename>img-167.jpg</filename>
	<path>/CSE-800/Thesis/2020-01-23/dataset/img-167.jpg</path>
	<source>
		<database>Unknown</database>
	</source>
	<size>
		<width>720</width>
		<height>720</height>
		<depth>3</depth>
	</size>
	<segmented>0</segmented>
	<object>
		<name>pothole</name>
		<pose>Unspecified</pose>
		<truncated>0</truncated>
		<difficult>0</difficult>
		<bndbox>
			<xmin>279</xmin>
			<ymin>263</ymin>
			<xmax>470</xmax>
			<ymax>407</ymax>
		</bndbox>
	</object>
	<object>
		<name>pothole</name>
		<pose>Unspecified</pose>
		<truncated>0</truncated>
		<difficult>0</difficult>
		<bndbox>
			<xmin>166</xmin>
			<ymin>403</ymin>
			<xmax>321</xmax>
			<ymax>500</ymax>
		</bndbox>
	</object>
	<object>
		<name>pothole</name>
		<pose>Unspecified</pose>
		<truncated>0</truncated>
		<difficult>0</difficult>
		<bndbox>
			<xmin>202</xmin>
			<ymin>56</ymin>
			<xmax>276</xmax>
			<ymax>84</ymax>
		</bndbox>
	</object>
</annotation>