<annotation>
	<folder>dataset</folder>
	<filename>img-362.jpg</filename>
	<path>/CSE-800/Thesis/2020-01-23/dataset/img-362.jpg</path>
	<source>
		<database>Unknown</database>
	</source>
	<size>
		<width>480</width>
		<height>300</height>
		<depth>3</depth>
	</size>
	<segmented>0</segmented>
	<object>
		<name>pothole</name>
		<pose>Unspecified</pose>
		<truncated>0</truncated>
		<difficult>0</difficult>
		<bndbox>
			<xmin>169</xmin>
			<ymin>239</ymin>
			<xmax>285</xmax>
			<ymax>268</ymax>
		</bndbox>
	</object>
	<object>
		<name>pothole</name>
		<pose>Unspecified</pose>
		<truncated>0</truncated>
		<difficult>0</difficult>
		<bndbox>
			<xmin>52</xmin>
			<ymin>217</ymin>
			<xmax>202</xmax>
			<ymax>245</ymax>
		</bndbox>
	</object>
</annotation>