<annotation>
	<folder>dataset</folder>
	<filename>img-24.jpg</filename>
	<path>/CSE-800/Thesis/2020-01-23/dataset/img-24.jpg</path>
	<source>
		<database>Unknown</database>
	</source>
	<size>
		<width>720</width>
		<height>720</height>
		<depth>3</depth>
	</size>
	<segmented>0</segmented>
	<object>
		<name>pothole</name>
		<pose>Unspecified</pose>
		<truncated>0</truncated>
		<difficult>0</difficult>
		<bndbox>
			<xmin>284</xmin>
			<ymin>313</ymin>
			<xmax>418</xmax>
			<ymax>421</ymax>
		</bndbox>
	</object>
	<object>
		<name>pothole</name>
		<pose>Unspecified</pose>
		<truncated>0</truncated>
		<difficult>0</difficult>
		<bndbox>
			<xmin>348</xmin>
			<ymin>73</ymin>
			<xmax>449</xmax>
			<ymax>133</ymax>
		</bndbox>
	</object>
</annotation>