<annotation>
	<folder>dataset</folder>
	<filename>img-109.jpg</filename>
	<path>/CSE-800/Thesis/2020-01-23/dataset/img-109.jpg</path>
	<source>
		<database>Unknown</database>
	</source>
	<size>
		<width>720</width>
		<height>720</height>
		<depth>3</depth>
	</size>
	<segmented>0</segmented>
	<object>
		<name>pothole</name>
		<pose>Unspecified</pose>
		<truncated>0</truncated>
		<difficult>0</difficult>
		<bndbox>
			<xmin>337</xmin>
			<ymin>244</ymin>
			<xmax>451</xmax>
			<ymax>337</ymax>
		</bndbox>
	</object>
	<object>
		<name>pothole</name>
		<pose>Unspecified</pose>
		<truncated>0</truncated>
		<difficult>0</difficult>
		<bndbox>
			<xmin>282</xmin>
			<ymin>362</ymin>
			<xmax>454</xmax>
			<ymax>528</ymax>
		</bndbox>
	</object>
	<object>
		<name>pothole</name>
		<pose>Unspecified</pose>
		<truncated>0</truncated>
		<difficult>0</difficult>
		<bndbox>
			<xmin>60</xmin>
			<ymin>428</ymin>
			<xmax>228</xmax>
			<ymax>522</ymax>
		</bndbox>
	</object>
</annotation>