<annotation>
	<folder>dataset</folder>
	<filename>img-49.jpg</filename>
	<path>/CSE-800/Thesis/2020-01-23/dataset/img-49.jpg</path>
	<source>
		<database>Unknown</database>
	</source>
	<size>
		<width>720</width>
		<height>720</height>
		<depth>3</depth>
	</size>
	<segmented>0</segmented>
	<object>
		<name>pothole</name>
		<pose>Unspecified</pose>
		<truncated>0</truncated>
		<difficult>0</difficult>
		<bndbox>
			<xmin>239</xmin>
			<ymin>302</ymin>
			<xmax>491</xmax>
			<ymax>524</ymax>
		</bndbox>
	</object>
	<object>
		<name>pothole</name>
		<pose>Unspecified</pose>
		<truncated>0</truncated>
		<difficult>0</difficult>
		<bndbox>
			<xmin>110</xmin>
			<ymin>135</ymin>
			<xmax>257</xmax>
			<ymax>208</ymax>
		</bndbox>
	</object>
</annotation>