<annotation>
	<folder>dataset</folder>
	<filename>img-547.jpg</filename>
	<path>/CSE-800/Thesis/2020-01-23/dataset/img-547.jpg</path>
	<source>
		<database>Unknown</database>
	</source>
	<size>
		<width>300</width>
		<height>400</height>
		<depth>3</depth>
	</size>
	<segmented>0</segmented>
	<object>
		<name>pothole</name>
		<pose>Unspecified</pose>
		<truncated>0</truncated>
		<difficult>0</difficult>
		<bndbox>
			<xmin>124</xmin>
			<ymin>153</ymin>
			<xmax>194</xmax>
			<ymax>191</ymax>
		</bndbox>
	</object>
	<object>
		<name>pothole</name>
		<pose>Unspecified</pose>
		<truncated>0</truncated>
		<difficult>0</difficult>
		<bndbox>
			<xmin>133</xmin>
			<ymin>109</ymin>
			<xmax>246</xmax>
			<ymax>142</ymax>
		</bndbox>
	</object>
	<object>
		<name>pothole</name>
		<pose>Unspecified</pose>
		<truncated>0</truncated>
		<difficult>0</difficult>
		<bndbox>
			<xmin>35</xmin>
			<ymin>207</ymin>
			<xmax>204</xmax>
			<ymax>339</ymax>
		</bndbox>
	</object>
</annotation>