<annotation>
	<folder>dataset</folder>
	<filename>img-330.jpg</filename>
	<path>/CSE-800/Thesis/2020-01-23/dataset/img-330.jpg</path>
	<source>
		<database>Unknown</database>
	</source>
	<size>
		<width>300</width>
		<height>400</height>
		<depth>3</depth>
	</size>
	<segmented>0</segmented>
	<object>
		<name>pothole</name>
		<pose>Unspecified</pose>
		<truncated>0</truncated>
		<difficult>0</difficult>
		<bndbox>
			<xmin>25</xmin>
			<ymin>182</ymin>
			<xmax>246</xmax>
			<ymax>386</ymax>
		</bndbox>
	</object>
	<object>
		<name>pothole</name>
		<pose>Unspecified</pose>
		<truncated>0</truncated>
		<difficult>0</difficult>
		<bndbox>
			<xmin>79</xmin>
			<ymin>29</ymin>
			<xmax>216</xmax>
			<ymax>92</ymax>
		</bndbox>
	</object>
</annotation>