<annotation>
	<folder>dataset</folder>
	<filename>img-327.jpg</filename>
	<path>/CSE-800/Thesis/2020-01-23/dataset/img-327.jpg</path>
	<source>
		<database>Unknown</database>
	</source>
	<size>
		<width>600</width>
		<height>300</height>
		<depth>3</depth>
	</size>
	<segmented>0</segmented>
	<object>
		<name>pothole</name>
		<pose>Unspecified</pose>
		<truncated>0</truncated>
		<difficult>0</difficult>
		<bndbox>
			<xmin>21</xmin>
			<ymin>118</ymin>
			<xmax>138</xmax>
			<ymax>158</ymax>
		</bndbox>
	</object>
	<object>
		<name>pothole</name>
		<pose>Unspecified</pose>
		<truncated>0</truncated>
		<difficult>0</difficult>
		<bndbox>
			<xmin>129</xmin>
			<ymin>54</ymin>
			<xmax>466</xmax>
			<ymax>233</ymax>
		</bndbox>
	</object>
</annotation>